{
    "outline": {
        "slideNumber": 1,
        "title": "TechHome Pro - Servicios Tecnológicos Domiciliarios",
        "subTitle": "Tu hogar inteligente en manos expertas"
    },
    "tableOfContent": {
        "slideNumber": 2
    },
    "chapters": {
        "slideNumber": 3,
        "chapterTitle": "Nuestros Servicios Integrales",
        "slides": [
            {
                "slideNumber": 4,
                "slideTitle": "Conectividad y Redes",
                "slideContent": "Instalación profesional de internet, configuración de redes domésticas, optimización de señal WiFi y soluciones de conectividad integral para tu hogar. Garantizamos la mejor velocidad y cobertura en cada rincón de tu casa."
            },
            {
                "slideNumber": 5,
                "slideTitle": "Seguridad Electrónica Avanzada",
                "slideContent": "Sistemas de cámaras de seguridad de alta definición, alarmas inteligentes con monitoreo remoto, sensores de movimiento y sistemas de videovigilancia 24/7. Tu seguridad es nuestra prioridad."
            },
            {
                "slideNumber": 6,
                "slideTitle": "Control de Acceso Inteligente",
                "slideContent": "Porteros inalámbricos con video, cerraduras electrónicas con código y biométricas, sistemas de intercomunicación avanzados. Controla el acceso a tu hogar desde cualquier lugar."
            },
            {
                "slideNumber": 7,
                "slideTitle": "Electricidad y Automatización",
                "slideContent": "Instalaciones eléctricas domiciliarias, automatización de iluminación, sistemas de domótica y soluciones inteligentes para hacer tu hogar más eficiente y cómodo."
            }
        ]
    },
    "final": {
        "slideNumber": 8,
        "finalContent": "Contacta con nosotros para una evaluación gratuita y descubre cómo podemos transformar tu hogar en un espacio inteligente y seguro."
    }
}